;gene;chr;snp (pathogenic by dpSNP);associated allele;type;locus/loci (dy dbSNP);is pathogenic;clinical significance (ClinVar);dyslexia mentioned;localisation;ref;alt;ref_score_0001870;alt_score_0001870;log_fold_change_0001870;rel_diff_0001870;mean_diff_0001870;ref_score_0009834;alt_score_0009834;log_fold_change_0009834;rel_diff_0009834;mean_diff_0009834;ref_score_0001871;alt_score_0001871;log_fold_change_0001871;rel_diff_0001871;mean_diff_0001871;ref_score_0001872;alt_score_0001872;log_fold_change_0001872;rel_diff_0001872;mean_diff_0001872;ref_score_0002021;alt_score_0002021;log_fold_change_0002021;rel_diff_0002021;mean_diff_0002021;ref_score_0002037;alt_score_0002037;log_fold_change_0002037;rel_diff_0002037;mean_diff_0002037;ref_score_0001894;alt_score_0001894;log_fold_change_0001894;rel_diff_0001894;mean_diff_0001894;ref_score_0001898;alt_score_0001898;log_fold_change_0001898;rel_diff_0001898;mean_diff_0001898;ref_score_0001876;alt_score_0001876;log_fold_change_0001876;rel_diff_0001876;mean_diff_0001876
11;KIAA0319;6;rs2038137;T>G;snv;24645715;Not Reported in ClinVar;Not Reported in ClinVar;only in article;dbSNP: intron variant;T;G;0.021413364;0.021444023;0.0020642062;0.1431776;8.0769576e-05;0.028000234;0.028054023;0.0027688416;0.19210364;0.000115087954;0.009899019;0.009911141;0.001765525;0.122457534;3.71091e-05;0.012731352;0.012749727;0.0020806927;0.1443287;4.728631e-05;0.013442203;0.013455504;0.0014267502;0.09894373;4.7173096e-05;0.02141792;0.021450203;0.0021729113;0.15073064;9.14088e-05;0.014699626;0.014721888;0.0021832148;0.15144831;5.344666e-05;0.04587185;0.04592004;0.0015148874;0.105054304;0.00015183778;0.04074365;0.04078053;0.0013052736;0.090518095;0.00013387343
12;KIAA0319;6;rs2179515;T>A;snv;24627975;Not Reported in ClinVar;Not Reported in ClinVar;only in article;dbSNP: intron variant;T;A;0.021413364;0.021424836;0.00077268307;0.053574167;6.1885505e-05;0.028000234;0.0280136;0.00068845425;0.047736537;7.675235e-05;0.009899019;0.009907031;0.0011672898;0.08093901;3.2743308e-05;0.012731352;0.0127418395;0.0011879109;0.08237635;4.0537318e-05;0.013442203;0.013452861;0.0011434034;0.079288006;4.449104e-05;0.02141792;0.021423498;0.00037573316;0.026046516;6.4287786e-05;0.014699626;0.0147090955;0.000929095;0.06442129;4.3833552e-05;0.04587185;0.04588008;0.00025881067;0.017939469;0.00011378569;0.04074365;0.04075767;0.00049642846;0.034415163;0.00010663324
14;KIAA0319;6;rs6935076;C>T;snv;24644094;Not Reported in ClinVar;Not Reported in ClinVar;only in article;dbSNP: intron variant;C;T;0.021413364;0.02140746;-0.0003977647;-0.027565602;5.906216e-05;0.028000234;0.027995348;-0.00025171856;-0.017448848;7.329624e-05;0.009899019;0.009898733;-4.1706397e-05;-0.002888327;3.1763673e-05;0.012731352;0.012729762;-0.00018016307;-0.012487029;3.952045e-05;0.013442203;0.013441005;-0.00012864875;-0.008916783;4.2957887e-05;0.02141792;0.021412196;-0.00038563664;-0.026724856;6.350521e-05;0.014699626;0.014697415;-0.00021697243;-0.015040925;4.2483203e-05;0.04587185;0.045859333;-0.000393722;-0.027286835;0.000105620566;0.04074365;0.040732276;-0.0004027536;-0.027914315;9.982896e-05
17;KIAA0319;6;rs761100;A>C;snv;24632414;Not Reported in ClinVar;Not Reported in ClinVar;only in article;dbSNP: intron variant;A;C;0.021413364;0.021417364;0.00026947164;0.018684415;5.8499016e-05;0.028000234;0.02800554;0.0002734265;0.018952256;7.427164e-05;0.009899019;0.009901751;0.0003980849;0.02759434;3.0713538e-05;0.012731352;0.012733007;0.00018744891;0.012999092;3.783501e-05;0.013442203;0.01344464;0.00026138994;0.018124558;4.1497937e-05;0.02141792;0.021416277;-0.00011067508;-0.0076704603;6.2340216e-05;0.014699626;0.014703019;0.00033292;0.023080915;4.1280622e-05;0.04587185;0.045872744;2.8032899e-05;0.0019490595;0.00011315522;0.04074365;0.04074641;9.768284e-05;0.0067751417;0.00010332857
19;DCDC2;6;rs793862;A>C;snv;24206972;Not Reported in ClinVar;Not Reported in ClinVar;only in article;dbSNP: intron variant;A;C;0.019098999;0.019110462;0.0008656729;0.060017377;5.071156e-05;0.024891796;0.024904417;0.00073125685;0.050704595;6.251561e-05;0.00816855;0.008174622;0.0010720853;0.07433661;2.5288258e-05;0.009628038;0.009632795;0.00071269204;0.049409818;2.8073802e-05;0.01063294;0.0106397495;0.0009235951;0.06404467;3.200202e-05;0.018303117;0.018313099;0.0007866061;0.054536697;5.1457784e-05;0.012621759;0.012628966;0.0008235618;0.05709643;3.5117413e-05;0.042057943;0.04208237;0.00083765626;0.058078755;0.00010023187;0.03739365;0.037418794;0.00096982805;0.06724594;9.002252e-05
20;DCDC2;6;rs807701;G>A;snv;24273563;Not Reported in ClinVar;Not Reported in ClinVar;only in article;dbSNP: intron variant;G;A;0.019098999;0.019113775;0.0011157359;0.07736722;5.143811e-05;0.024891796;0.02491079;0.0011004411;0.076311305;6.4289525e-05;0.00816855;0.008174857;0.0011135018;0.07720974;2.4731826e-05;0.009628038;0.009633869;0.0008734074;0.06056281;2.7996828e-05;0.01063294;0.010640172;0.0009809994;0.06802118;3.1879335e-05;0.018303117;0.018309565;0.00050811924;0.03523158;4.9714734e-05;0.012621759;0.012630112;0.00095435994;0.06617224;3.41926e-05;0.042057943;0.042084515;0.0009112202;0.063180685;0.00010174185;0.03739365;0.03742849;0.0013435906;0.09317796;9.710922e-05
92;DIP2A;21;rs8132320;A>G;snv;46466883;Not Reported in ClinVar;Not Reported in ClinVar;only in article;dbSNP: intron variant;A;G;0.04355606;0.043566894;0.0003587112;0.024871726;0.00011552396;0.05129841;0.05132851;0.00084625033;0.058676954;0.00014255059;0.01153409;0.011534903;0.000101638165;0.0070490567;3.4854744e-05;0.01691343;0.016914025;5.073399e-05;0.0035130884;4.4189488e-05;0.014301175;0.01430134;1.6682221e-05;0.0011526612;4.145523e-05;0.040353704;0.040351488;-7.928618e-05;-0.0054927985;0.00011195729;0.016237224;0.016238121;7.979774e-05;0.00552924;4.2623586e-05;0.10140218;0.10146836;0.00094129785;0.06526833;0.0002696501;0.10398175;0.10409494;0.0015695195;0.10885489;0.00031127542
93;DIP2A;21;rs2839282;C>G;snv;46482909;Not Reported in ClinVar;Not Reported in ClinVar;only in article;dbSNP: intron variant;C;G;0.04355606;0.04356183;0.00019106007;0.013248385;0.000114679926;0.05129841;0.051306885;0.00023834826;0.016521048;0.00013311753;0.01153409;0.011536454;0.0002956079;0.020493135;3.638766e-05;0.01691343;0.016916314;0.00024591424;0.017047841;4.5454624e-05;0.014301175;0.014304132;0.0002981871;0.020676266;4.3011027e-05;0.040353704;0.040359322;0.00020086174;0.013921244;0.000114184935;0.016237224;0.01623994;0.00024127148;0.016725376;4.5688153e-05;0.10140218;0.10143382;0.00045018032;0.031205066;0.00025303394;0.10398175;0.104020715;0.00054061215;0.0374744;0.00026288733
94;DIP2A;21;rs2839299;C>G;snv;46504764;Not Reported in ClinVar;Not Reported in ClinVar;only in article;dbSNP: intron variant;C;G;0.04355606;0.043588534;0.0010751787;0.074555315;0.00012616398;0.05129841;0.051351428;0.0014903195;0.10335278;0.00015367434;0.01153409;0.011539735;0.0007058161;0.048939675;3.714421e-05;0.01691343;0.016922427;0.00076718256;0.053191908;4.810767e-05;0.014301175;0.014308544;0.0007431176;0.051524606;4.4169195e-05;0.040353704;0.040372856;0.0006845005;0.04745963;0.0001180939;0.016237224;0.016245725;0.0007551501;0.052355703;4.628319e-05;0.10140218;0.10148504;0.0011784596;0.08171216;0.00027746588;0.10398175;0.104086176;0.0014482266;0.10042853;0.0003183101
95;DIP2A;21;rs1892692;C>G;snv;46518152;Not Reported in ClinVar;Not Reported in ClinVar;only in article;dbSNP: intron variant;C;G;0.043562237;0.04355606;-0.00020458786;-0.0141786365;0.000110092544;0.05130966;0.05129841;-0.00031639676;-0.02192643;0.00012739368;0.011537594;0.01153409;-0.00043819234;-0.030367127;3.6197307e-05;0.016916495;0.01691343;-0.0002613513;-0.018112803;4.4842218e-05;0.014305624;0.014301175;-0.0004487725;-0.031099154;4.2438653e-05;0.040351395;0.040353704;8.254931e-05;0.005723916;0.0001116804;0.01624161;0.016237224;-0.0003896793;-0.027007971;4.426158e-05;0.101436496;0.10140218;-0.00048816935;-0.033831388;0.0002500827;0.10404394;0.10398175;-0.0008625788;-0.05977282;0.00025698345
96;DIP2A;21;rs2839308;G>A;snv;46534814;Not Reported in ClinVar;Not Reported in ClinVar;only in article;dbSNP: intron variant;G;A;0.04355606;0.043569088;0.00043143996;0.029909363;0.00010895918;0.05129841;0.051324103;0.00072249013;0.05008601;0.00012871771;0.01153409;0.011535108;0.00012726155;0.008825452;3.4427434e-05;0.01691343;0.01691457;9.716692e-05;0.006739844;4.38519e-05;0.014301175;0.014300736;-4.4372206e-05;-0.003073763;4.135303e-05;0.040353704;0.040359598;0.00021066336;0.014604382;0.00010814894;0.016237224;0.016237145;-6.9653142e-06;-0.00048180096;4.196924e-05;0.10140218;0.10146289;0.0008636103;0.059875224;0.00023402106;0.10398175;0.104088575;0.0014813857;0.10273574;0.00027045613
98;DIP2A;21;rs17302525;A>G;snv;46544222;Not Reported in ClinVar;Not Reported in ClinVar;only in article;dbSNP: intron variant;A;G;0.04355606;0.043569546;0.00044656981;0.030961365;0.00011904103;0.05129841;0.05132832;0.000840922;0.058306597;0.00013739032;0.01153409;0.011532444;-0.00020596392;-0.014275753;3.57359e-05;0.01691343;0.01691212;-0.00011187905;-0.0077530234;4.570711e-05;0.014301175;0.01429935;-0.00018411917;-0.012763931;4.2630545e-05;0.040353704;0.040351596;-7.541636e-05;-0.0052250824;0.00011655877;0.016237224;0.016236095;-0.00010026937;-0.0069516995;4.4618875e-05;0.10140218;0.10145058;0.00068845425;0.047729716;0.00026206634;0.10398175;0.104075484;0.0012999469;0.090146355;0.00030056923
100;DIP2A;21;rs762254;G>A;snv;46563767;Not Reported in ClinVar;Not Reported in ClinVar;only in article;dbSNP: intron variant;G;A;0.04355606;0.04356335;0.00024144343;0.016737953;0.000121527526;0.05129841;0.051317986;0.00055041147;0.038161807;0.00014634123;0.01153409;0.011536046;0.0002445386;0.016956495;3.7378697e-05;0.01691343;0.016917108;0.00031366225;0.0217393;4.626956e-05;0.014301175;0.01430362;0.00024660205;0.01709455;4.4064203e-05;0.040353704;0.040356703;0.00010714121;0.007431433;0.00011695791;0.016237224;0.016240003;0.00024694594;0.017115405;4.6377343e-05;0.10140218;0.10144972;0.0006762492;0.046884745;0.00027879653;0.10398175;0.10404906;0.0009335637;0.06473111;0.00029715514
102;PCNT;21;rs16979065;C>G;snv;46329542;Not Reported in ClinVar;Not Reported in ClinVar;only in article;dbSNP: intron variant;C;G;0.050818052;0.05079775;-0.00057651504;-0.039952006;0.00013504259;0.059637707;0.05961212;-0.00061909837;-0.042901203;0.00015524215;0.01300794;0.013006609;-0.00014756866;-0.010231135;3.9354327e-05;0.018705048;0.018703386;-0.00012813276;-0.00888252;4.9159888e-05;0.015553409;0.015552;-0.00013071274;-0.009059693;4.6353118e-05;0.04688709;0.04688333;-0.000115662966;-0.008016744;0.00012983389;0.018061073;0.018058293;-0.00022213269;-0.015397364;4.989246e-05;0.117168754;0.11712036;-0.000595957;-0.041300703;0.00029947245;0.12009523;0.120004155;-0.0010944827;-0.0758364;0.00031454355
103;PCNT;21;rs4819241;C>G;snv;46362149;Not Reported in ClinVar;Not Reported in ClinVar;only in article;dbSNP: intron variant;C;G;0.050818052;0.050804917;-0.0003729926;-0.025847849;0.00012890584;0.059637707;0.059621934;-0.00038159397;-0.026447829;0.00014932551;0.01300794;0.013008123;2.029381e-05;0.0014104504;3.9309503e-05;0.018705048;0.018704984;-4.901514e-06;-0.00033857135;4.948677e-05;0.015553409;0.015554334;8.581679e-05;0.0059459847;4.5778357e-05;0.04688709;0.046879258;-0.00024096781;-0.016700888;0.00013072131;0.018061073;0.01806327;0.00017541164;0.01215907;4.886753e-05;0.117168754;0.117148995;-0.00024328996;-0.01686366;0.0002868108;0.12009523;0.12001995;-0.0009046543;-0.06268414;0.00030134543
105;PCNT;21;rs2839232;G>A;snv;46372959;Not Reported in ClinVar;Not Reported in ClinVar;only in article;dbSNP: intron variant;G;A;0.050818052;0.050801616;-0.00046666438;-0.0323428;0.0001304029;0.059637707;0.0596175;-0.0004888575;-0.033881206;0.00015374461;0.01300794;0.013007363;-6.3978965e-05;-0.0044318214;3.9749644e-05;0.018705048;0.018703848;-9.252963e-05;-0.00641294;4.923023e-05;0.015553409;0.015553862;4.1963154e-05;0.0029101192;4.6248733e-05;0.04688709;0.04688301;-0.00012555279;-0.008700035;0.00012640415;0.018061073;0.018062107;8.254931e-05;0.0057237353;4.922442e-05;0.117168754;0.117161036;-9.502354e-05;-0.0065877642;0.00028561923;0.12009523;0.12001682;-0.0009422566;-0.06528978;0.00030786684
106;PCNT;21;rs2839259;T>C;snv;46434479;Not Reported in ClinVar;Not Reported in ClinVar;only in article;dbSNP: intron variant;T;C;0.050818052;0.05083582;0.00050433696;0.03496717;0.00014007758;0.059637707;0.059661034;0.0005641648;0.039115805;0.00016565797;0.01300794;0.013008487;6.0708597e-05;0.0042098723;3.9156366e-05;0.018705048;0.018705275;1.7542123e-05;0.0012148737;4.9429043e-05;0.015553409;0.015554695;0.00011935102;0.0082692895;4.6178695e-05;0.04688709;0.046893753;0.00020498876;0.014214029;0.00013002552;0.018061073;0.018063057;0.00015838732;0.010983384;4.879576e-05;0.117168754;0.11723908;0.0008656729;0.06002115;0.00033485386;0.12009523;0.120121196;0.0003119428;0.02162057;0.00033768444
109;KIAA0319L;1;rs7523017;G>A;snv;35549410;Not Reported in ClinVar;Not Reported in ClinVar;only in article;dbSNP: intron variant;G;A;0.058491305;0.0584807;-0.00026160933;-0.01813244;0.00013152036;0.0662084;0.06619114;-0.0003761751;-0.026073722;0.00014024535;0.026432322;0.026435664;0.0001822901;0.012642042;6.477489e-05;0.033727117;0.03372852;6.0020695e-05;0.0041641104;7.145553e-05;0.034970906;0.03497563;0.00019484319;0.013507422;8.1422026e-05;0.059528254;0.059523515;-0.000114888986;-0.007960202;0.00013432503;0.03531923;0.03532133;8.564482e-05;0.0059382333;7.65322e-05;0.10180019;0.101769395;-0.00043647198;-0.030248716;0.0002168999;0.09824622;0.098206185;-0.00058795646;-0.040746577;0.00022972868
124;CYP19A1;15;rs8034835;A>C;snv;51220467;uncertain;not provided;only in article;dbSNP: intron variant;A;C;0.020840159;0.020843267;0.00021513425;0.014917136;5.311739e-05;0.026048152;0.026049668;8.392509e-05;0.005820732;6.812847e-05;0.012830944;0.012834466;0.00039602167;0.027451308;3.3652803e-05;0.016202338;0.016203418;9.6135096e-05;0.0066677677;4.049438e-05;0.016954385;0.016956793;0.00020498876;0.014205176;4.419014e-05;0.020537887;0.020540316;0.0001705967;0.011826384;5.4038584e-05;0.017466744;0.017470187;0.00028425932;0.019706981;4.1852254e-05;0.036841024;0.03683206;-0.0003510593;-0.02432899;8.759567e-05;0.031457674;0.031452578;-0.00023374335;-0.016200172;7.844335e-05
125;CYP19A1;15;rs2899472;G>T;snv;51223858;Not Reported in ClinVar;Not Reported in ClinVar;only in article;dbSNP: intron variant;G;T;0.020823127;0.020841556;0.0012762345;0.088502616;5.6996727e-05;0.02602172;0.026043462;0.001204923;0.08354864;7.070239e-05;0.012824472;0.01283342;0.0010062634;0.069774;3.4043867e-05;0.016193947;0.016203191;0.0008233899;0.05708496;4.105036e-05;0.016946433;0.016956765;0.0008792513;0.060969133;4.506631e-05;0.020534117;0.020542711;0.0006037048;0.04185349;6.0105805e-05;0.017457891;0.017469982;0.0009988733;0.06925481;4.2306623e-05;0.03678736;0.036844175;0.0022263166;0.15444;0.00010749971;0.031399712;0.031451974;0.0023992257;0.16644132;9.991268e-05
126;CYP19A1;15;rs1065778;T>C;snv;51228009;uncertain;not provided;only in article;dbSNP: intron variant;T;C;0.020840159;0.020843526;0.00023318962;0.016159486;5.5528257e-05;0.026048152;0.026043395;-0.00026350148;-0.018263083;7.020708e-05;0.012830944;0.012839726;0.0009871866;0.068446815;3.4321172e-05;0.016202338;0.016208926;0.0005865136;0.040661883;4.034849e-05;0.016954385;0.016963754;0.00079709134;0.05526066;4.4875433e-05;0.020537887;0.020542681;0.00033670274;0.02334441;5.5741082e-05;0.017466744;0.017476434;0.0008000134;0.055473875;4.218764e-05;0.036841024;0.03682671;-0.00056060037;-0.038849533;9.088775e-05;0.031457674;0.031439867;-0.00081689085;-0.05660586;8.816601e-05
128;CYP19A1;15;rs1902586;G>A;snv;51278656;Not Reported in ClinVar;Not Reported in ClinVar;only in article;dbSNP: intron variant;G;A;0.020840159;0.020839706;-3.130118e-05;-0.0021718778;5.2012954e-05;0.026048152;0.026045715;-0.0001349267;-0.009353216;6.636937e-05;0.012830944;0.012831158;2.407737e-05;0.0016694345;3.168237e-05;0.016202338;0.016201701;-5.675539e-05;-0.0039316835;3.84647e-05;0.016954385;0.016954;-3.284906e-05;-0.0022741465;4.2451888e-05;0.020537887;0.020538645;5.3313637e-05;0.0036912102;5.210915e-05;0.017466744;0.017467057;2.5797166e-05;0.0017915438;3.987755e-05;0.036841024;0.0368357;-0.00020845803;-0.01444976;8.874914e-05;0.031457674;0.031455867;-8.289802e-05;-0.005743482;8.024617e-05
129;CYP19A1;15;rs936306;C>T;snv;51287401;Not Reported in ClinVar;Not Reported in ClinVar;only in article;dbSNP: intron variant;C;T;0.020840159;0.02084253;0.00016406212;0.01137778;5.6262797e-05;0.026048152;0.026046492;-9.192766e-05;-0.006371342;7.115675e-05;0.012830944;0.012839545;0.0009667345;0.06703142;3.3326414e-05;0.016202338;0.016211603;0.00082476495;0.05718185;4.082541e-05;0.016954385;0.01696511;0.0009124233;0.063258626;4.50024e-05;0.020537887;0.020544004;0.0004295487;0.029783623;5.432681e-05;0.017466744;0.017476477;0.00080362306;0.055719145;4.1496613e-05;0.036841024;0.036821302;-0.0007724949;-0.053531863;9.6102e-05;0.031457674;0.03143894;-0.0008594813;-0.05955458;8.768287e-05
130;CYP19A1;15;rs2470152;G>A;snv;51302775;Not Reported in ClinVar;Not Reported in ClinVar;only in article;dbSNP: intron variant;G;A;0.020840159;0.020841219;7.343472e-05;0.0050855903;5.09173e-05;0.026048152;0.026045129;-0.00016743482;-0.011605711;6.799543e-05;0.012830944;0.012836543;0.0006294911;0.043637566;3.209978e-05;0.016202338;0.016207341;0.0004453663;0.030878661;3.9413873e-05;0.016954385;0.016960464;0.00051723106;0.035859004;4.3333173e-05;0.020537887;0.02054006;0.00015271251;0.010583888;5.4076158e-05;0.017466744;0.017472377;0.00046513806;0.03224779;3.9842915e-05;0.036841024;0.036823146;-0.0007002253;-0.048526525;8.8882916e-05;0.031457674;0.031443622;-0.00064456294;-0.044668894;7.904101e-05
131;CYP19A1;15;rs2289105;T>A;snv;51215311;uncertain;not provided;only in article;dbSNP: intron variant;T;A;0.020840159;0.020847157;0.0004843938;0.033579197;5.298246e-05;0.026048152;0.026051752;0.00019948608;0.013822451;6.699517e-05;0.012830944;0.012839236;0.0009320168;0.064628884;3.3146665e-05;0.016202338;0.01620914;0.00060559576;0.04198394;3.9493752e-05;0.016954385;0.01696399;0.00081720203;0.05665591;4.421045e-05;0.020537887;0.0205423;0.00030987946;0.021485202;5.2677915e-05;0.017466744;0.017475896;0.0007556658;0.052391995;4.1225318e-05;0.036841024;0.03683297;-0.00031545066;-0.02186171;8.4973784e-05;0.031457674;0.031454075;-0.0001650268;-0.011439594;7.64931e-05
132;CYP19A1;15;rs2470176;A>G;snv;51291742;Not Reported in ClinVar;Not Reported in ClinVar;only in article;dbSNP: intron variant;A;G;0.020840159;0.02085275;0.0008713449;0.060419314;5.5870187e-05;0.026048152;0.026060162;0.00066507555;0.04610821;6.893953e-05;0.012830944;0.0128396675;0.0009804838;0.067989536;3.438046e-05;0.016202338;0.016209612;0.0006475413;0.044892468;4.142679e-05;0.016954385;0.016962351;0.0006777964;0.04698804;4.5607194e-05;0.020537887;0.020548338;0.00073400716;0.050887913;5.580145e-05;0.017466744;0.017477183;0.0008618915;0.059760787;4.33012e-05;0.036841024;0.03685696;0.0006239901;0.043258276;9.440849e-05;0.031457674;0.03146526;0.00034787896;0.024110781;8.293518e-05
133;CYP19A1;15;rs10046;G>A;snv;51210789;uncertain;Aromatase deficiency & unspecified disorder;only in article;dbSNP: intron variant;G;A;0.020840159;0.020857269;0.0011839586;0.08210234;5.5606386e-05;0.026048152;0.026063578;0.0008541569;0.05922273;6.779553e-05;0.012830944;0.012837347;0.0007197398;0.049901575;3.2931053e-05;0.016202338;0.016207555;0.00046445036;0.032200716;3.9745886e-05;0.016954385;0.016960774;0.00054353476;0.037682716;4.4161246e-05;0.020537887;0.020549739;0.0008323279;0.057708036;5.515549e-05;0.017466744;0.017472332;0.00046152758;0.031991854;4.0873652e-05;0.036841024;0.03686731;0.0010289492;0.07134885;9.533591e-05;0.031457674;0.031487834;0.0013825938;0.0958747;8.5067506e-05
135;CYP19A1;15;rs11632903;C>G;snv;51272144;Not Reported in ClinVar;Not Reported in ClinVar;only in article;dbSNP: intron variant;C;G;0.020840159;0.020841226;7.395064e-05;0.0051213414;5.19496e-05;0.026048152;0.02604633;-0.00010087135;-0.00699346;6.757641e-05;0.012830944;0.012833843;0.00032587032;0.022595432;3.193652e-05;0.016202338;0.0162051;0.00024591424;0.017048791;3.8351885e-05;0.016954385;0.016956853;0.00020997554;0.014556735;4.2800275e-05;0.020537887;0.020542532;0.0003262142;0.022618866;5.387054e-05;0.017466744;0.017468262;0.0001253699;0.008691121;4.0160958e-05;0.036841024;0.03683695;-0.00015960872;-0.011062308;8.469388e-05;0.031457674;0.031453136;-0.00020811401;-0.014423837;8.122218e-05
148;CYP19A1;15;rs764949820;C>T;snv;51212315;likely-pathogenic;unspecified disorder;unspecified disorder;dbSNP: intron variant;C;T;0.020840159;0.020843813;0.0002529643;0.017535903;5.9841987e-05;0.026048152;0.026053047;0.0002710192;0.018792242;7.913248e-05;0.012830944;0.012836058;0.00057482347;0.03985593;3.5295376e-05;0.016202338;0.016208582;0.0005559128;0.038535096;4.342001e-05;0.016954385;0.01696069;0.0005364861;0.037188336;4.678881e-05;0.020537887;0.020542877;0.00035045805;0.024296688;5.8371126e-05;0.017466744;0.017471738;0.00041235547;0.028590055;4.7050096e-05;0.036841024;0.03683928;-6.827873e-05;-0.004732322;0.000111414054;0.031457674;0.03145865;4.4714794e-05;0.0031026644;9.165955e-05
155;CYP19A1;15;rs786205110;G>T;snv;51218658;pathogenic;Aromatase deficiency;non mentioned;dbSNP: intron variant;G;T;0.020840159;0.020838454;-0.00011798492;-0.008178058;5.776253e-05;0.026048152;0.026035996;-0.0006733832;-0.04666597;7.54382e-05;0.012830944;0.012832897;0.00021960512;0.015220887;3.4341585e-05;0.016202338;0.016203713;0.00012244645;0.008484159;4.1359526e-05;0.016954385;0.016958496;0.0003497703;0.024246575;4.521728e-05;0.020537887;0.020540372;0.00017455182;0.012098463;5.7865702e-05;0.017466744;0.01746817;0.00011763134;0.008157923;4.449829e-05;0.036841024;0.03680168;-0.0015415298;-0.10679071;0.00011067876;0.031457674;0.031433076;-0.0011285614;-0.07819425;8.838161e-05
205;TACR1;2;rs2024512;G>A;snv;75198497;Not Reported in ClinVar;Not Reported in ClinVar;only in article;dbSNP: intron variant;G;A;0.0045848056;0.0045833713;-0.00045135306;-0.031282388;2.0757709e-05;0.007523688;0.0075222463;-0.0002764886;-0.019161977;3.9466086e-05;0.0021377173;0.002135244;-0.0016701439;-0.11570098;1.0757765e-05;0.0043326854;0.0043251845;-0.0024997825;-0.17312294;2.409281e-05;0.0030788812;0.003074495;-0.002056744;-0.14246397;1.601934e-05;0.0058481777;0.0058448454;-0.0008223114;-0.056979664;2.8591207e-05;0.0037268456;0.0037232023;-0.0014110336;-0.09775919;2.0227164e-05;0.009645513;0.009646357;0.00012622974;0.008747883;4.1197214e-05;0.008194469;0.008194774;5.3829564e-05;0.0037278049;3.348728e-05
211;DRD4;11;rs2002453;T>C;snv;113418576;Not Reported in ClinVar;Not Reported in ClinVar;only in article;dbSNP: intron variant;T;C;;;;;;;;;;;;;;;;;;;;;;;;;;;;;;;;;;;;;;;;;;;;;
213;DRD4;11;rs11214607;T>G;snv;113441417;Not Reported in ClinVar;Not Reported in ClinVar;only in article;dbSNP: intron variant;T;G;;;;;;;;;;;;;;;;;;;;;;;;;;;;;;;;;;;;;;;;;;;;;
214;DRD4;11;rs17115583;G>A;snv;113438180;Not Reported in ClinVar;Not Reported in ClinVar;only in article;dbSNP: intron variant;G;A;;;;;;;;;;;;;;;;;;;;;;;;;;;;;;;;;;;;;;;;;;;;;
227;FOXP2;7;rs7784315;T>C;snv;114550588;Not Reported in ClinVar;Not Reported in ClinVar;only in article;dbSNP: intron variant;T;C;0.0071631386;0.007166855;0.0007482744;0.05188288;2.3831153e-05;0.0043354514;0.004339837;0.001458707;0.10115666;1.3250675e-05;0.00791255;0.007917161;0.00084040634;0.05827423;2.6189344e-05;0.018212888;0.018224278;0.000901939;0.06253854;5.1724728e-05;0.021216279;0.021227494;0.0007623696;0.052860294;6.7645735e-05;0.015880523;0.015885014;0.00040788518;0.0282789;4.236954e-05;0.011094732;0.011099754;0.0006528704;0.04526194;3.0807656e-05;0.0014543448;0.001453919;-0.00042253724;-0.029281039;4.331148e-06;0.0012353783;0.0012354096;3.6631838e-05;0.0025349094;3.8327876e-06
231;MRPL19;2;rs7588016*;T>C;snv;75649214;Not Reported in ClinVar;Not Reported in ClinVar;only in article;dbSNP: intron variant;T;C;0.0050398577;0.0050399196;1.7714105e-05;0.0012288631;1.4388394e-05;0.005334636;0.0053341184;-0.00014008667;-0.009706667;1.5491454e-05;0.0034802742;0.003481708;0.00059424964;0.041197073;1.0735539e-05;0.0037709326;0.0037708636;-2.6399579e-05;-0.0018276081;1.1302351e-05;0.0050336826;0.005034259;0.00016526585;0.011452623;1.4761734e-05;0.0060941475;0.0060919197;-0.0005274812;-0.03655513;1.8888979e-05;0.0047839475;0.0047863843;0.00073469477;0.050937127;1.36525605e-05;0.007893738;0.007891257;-0.0004535035;-0.031430524;2.0497291e-05;0.006986978;0.0069848783;-0.00043363342;-0.030051142;1.9045337e-05
232;ATP2C2;16;rs12446219;T>C;snv;84415015;Not Reported in ClinVar;Not Reported in ClinVar;only in article;dbSNP: intron variant;T;C;0.02783898;0.027842717;0.00019363947;0.013421706;7.5242315e-05;0.033152472;0.033159193;0.00029234088;0.02027126;9.001031e-05;0.010425913;0.010427251;0.00018521342;0.012836387;2.6514368e-05;0.012805236;0.012804754;-5.4261545e-05;-0.003760132;3.1186173e-05;0.012175265;0.01217581;6.449205e-05;0.004474841;3.057665e-05;0.026378538;0.02637874;1.1006848e-05;0.00076261116;7.044298e-05;0.015483544;0.0154843815;7.807801e-05;0.0054074116;3.6047135e-05;0.059547346;0.059568867;0.0005213572;0.036140993;0.00016089373;0.0540943;0.054116327;0.00058737316;0.04072082;0.00015396558
233;RIPOR2;6;rs17671350;T>C;snv;24898628;Not Reported in ClinVar;Not Reported in ClinVar;only in article;dbSNP: intron variant;T;C;0.020382637;0.02038558;0.00020825595;0.014438658;5.541346e-05;0.028229142;0.028228486;-3.3537006e-05;-0.0023226037;7.406018e-05;0.010279267;0.010284897;0.000789872;0.05476893;3.2014228e-05;0.015026317;0.015030004;0.00035389687;0.024537658;4.4899327e-05;0.014420083;0.014427455;0.0007374451;0.05112557;4.5169476e-05;0.021536427;0.02153913;0.00018108636;0.012549426;6.306309e-05;0.015254944;0.015260019;0.00047992374;0.033272546;4.2231237e-05;0.041962266;0.04196402;6.0364648e-05;0.0041814037;9.84126e-05;0.037746776;0.037741493;-0.00020192176;-0.01399447;9.3516515e-05
234;ACOT13;6;rs6928074;A>G;snv;24680062;Not Reported in ClinVar;Not Reported in ClinVar;only in article;dbSNP: intron variant;A;G;0.01978394;0.01979073;0.0004950531;0.034317438;5.407844e-05;0.026589384;0.026596481;0.00038501777;0.026689893;7.1854265e-05;0.00936527;0.009369582;0.0006640441;0.046042707;3.0326684e-05;0.012137117;0.012142257;0.00061092497;0.04234918;3.772296e-05;0.012729006;0.012734874;0.00066490367;0.046101507;4.0571907e-05;0.020118544;0.020123776;0.00037521735;0.026006706;5.9137492e-05;0.013773769;0.013780059;0.00065871514;0.045667622;4.0559516e-05;0.04151073;0.04152093;0.0003544127;0.024571586;0.000101882586;0.03774875;0.037752416;0.00014015906;0.009710747;9.2523354e-05
235;GCFC2;2;rs17011662;T>C;snv;75691522;Not Reported in ClinVar;Not Reported in ClinVar;only in article;dbSNP: intron variant;T;C;0.0048938557;0.004899043;0.0015284597;0.10599958;1.5529176e-05;0.005109706;0.005113521;0.0010767254;0.074665025;1.7177734e-05;0.0033647937;0.0033680096;0.0013781264;0.09557366;1.0581459e-05;0.003641552;0.003644205;0.0010506033;0.07285005;1.11398385e-05;0.0049071186;0.004911771;0.0013671301;0.09480965;1.461164e-05;0.0058732782;0.0058799516;0.0016382361;0.11362295;2.0593527e-05;0.0045959246;0.0045993803;0.001084287;0.075189926;1.3122434e-05;0.0076399692;0.0076497416;0.0018441946;0.12791109;2.5812275e-05;0.0067251627;0.006734507;0.0020032383;0.13894719;2.2608821e-05
236;KIAA0319L;1;rs12039012;G>A;snv;35472284;Not Reported in ClinVar;Not Reported in ClinVar;only in article;dbSNP: intron variant;G;A;0.058491305;0.058478754;-0.00030960198;-0.02145704;0.0001250923;0.0662084;0.066185825;-0.00049204024;-0.034097273;0.00013430155;0.026432322;0.026437817;0.00029990656;0.020788196;6.521529e-05;0.033727117;0.033726886;-9.889036e-06;-0.00068481395;7.136823e-05;0.034970906;0.034974534;0.00014961715;0.010375576;8.254077e-05;0.059528254;0.059519626;-0.00020914606;-0.014493575;0.00013376109;0.03531923;0.035321925;0.0001100647;0.007625831;7.632779e-05;0.10180019;0.10176885;-0.00044421357;-0.03078299;0.00020291182;0.09824622;0.09820985;-0.000534105;-0.037015453;0.00020829537
237;CMIP;16;rs2966099;T>C;snv;81516843;Not Reported in ClinVar;Not Reported in ClinVar;only in article;dbSNP: intron variant;T;C;0.009456865;0.009456825;-5.9334134e-06;-0.00041362067;2.5305913e-05;0.017528158;0.01752671;-0.0001191029;-0.008256859;4.207368e-05;0.005879349;0.0058824625;0.00076374476;0.052955035;1.7371989e-05;0.012626313;0.012633835;0.0008593133;0.05957632;3.2374075e-05;0.007229803;0.00723445;0.00092703255;0.06427331;2.1790967e-05;0.0119149545;0.011917705;0.00033292;0.02308188;3.308394e-05;0.00959341;0.009597811;0.0006616375;0.045870017;2.4884586e-05;0.01658332;0.016581016;-0.0002004597;-0.013894034;3.9820403e-05;0.016329562;0.016326366;-0.00028242316;-0.019573696;3.8376278e-05
238;KIAA0319L;1;rs12562622;C>T;snv;35439579;Not Reported in ClinVar;Not Reported in ClinVar;only in article;dbSNP: intron variant;C;T;0.058491305;0.058495555;0.0001049056;0.0072669885;0.00013496155;0.0662084;0.06621087;5.3829564e-05;0.0037360708;0.00014683699;0.026432322;0.026433825;8.203339e-05;0.005686805;6.54823e-05;0.033727117;0.033726435;-2.9151353e-05;-0.0020213055;7.155672e-05;0.034970906;0.03497123;1.3414584e-05;0.0009267711;8.194942e-05;0.059528254;0.059530366;5.1249917e-05;0.0035482976;0.00013838647;0.03531923;0.035322096;0.00011694346;0.008111015;7.734607e-05;0.10180019;0.10180837;0.00011591165;0.008036073;0.00022559775;0.09824622;0.098248616;3.5256013e-05;0.002441913;0.00022581466
239;ATP2C2;16;rs4782624;A>G;snv;84431560;Not Reported in ClinVar;Not Reported in ClinVar;only in article;dbSNP: intron variant;A;G;0.02783898;0.02784198;0.00015546393;0.010772157;6.791649e-05;0.033152472;0.033156577;0.0001786789;0.012382997;7.967461e-05;0.010425913;0.0104239965;-0.00026522164;-0.018383635;2.7064863e-05;0.012805236;0.012804273;-0.000108525135;-0.007520264;3.1745403e-05;0.012175265;0.012174022;-0.00014722467;-0.010204167;3.1300497e-05;0.026378538;0.026377562;-5.34016e-05;-0.0037000761;6.804155e-05;0.015483544;0.0154812345;-0.00021525234;-0.014916998;3.6984085e-05;0.059547346;0.05956076;0.0003250106;0.022527905;0.00013547673;0.0540943;0.054111414;0.00045636977;0.031637315;0.00013126493
241;GPLD1;6;rs793671;C>T;snv;24438434;Not Reported in ClinVar;Not Reported in ClinVar;only in article;dbSNP: intron variant;C;T;0.022255996;0.022259397;0.0002204649;0.015282129;5.851028e-05;0.028866725;0.028869065;0.00011694346;0.008104426;7.1392205e-05;0.010242719;0.010248576;0.00082476495;0.057182938;3.1803953e-05;0.013216265;0.013224262;0.0008727199;0.0605108;3.9550658e-05;0.014026844;0.014035051;0.000843844;0.05850792;4.3686614e-05;0.021783363;0.021791503;0.0005390649;0.037366863;6.3023625e-05;0.015099021;0.015104038;0.00047923604;0.033227548;4.1506413e-05;0.04719033;0.04718596;-0.00013363671;-0.009259875;0.000110940535;0.042319365;0.04231896;-1.3844669e-05;-0.00095950556;9.977127e-05
242;CMIP;16;rs2927332;A>T;snv;81475688;Not Reported in ClinVar;Not Reported in ClinVar;only in article;dbSNP: intron variant;A;T;0.009456865;0.009458891;0.00030919167;0.02142949;2.4833758e-05;0.017528158;0.017532373;0.00034684732;0.024047969;4.1996933e-05;0.005879349;0.005882973;0.0008888764;0.061635666;1.7309207e-05;0.012626313;0.0126335835;0.000830609;0.057584785;3.2409578e-05;0.007229803;0.0072346358;0.0009639846;0.06684322;2.1629168e-05;0.0119149545;0.011917525;0.00031125502;0.021573313;3.2541106e-05;0.00959341;0.00959835;0.00074260193;0.051490918;2.470029e-05;0.01658332;0.016583283;-3.267674e-06;-0.0002246408;3.8159473e-05;0.016329562;0.016328411;-0.000101731326;-0.0070492686;3.83959e-05
243;CMIP;16;rs12596138;C>T;snv;81457144;Not Reported in ClinVar;Not Reported in ClinVar;only in article;dbSNP: intron variant;C;T;0.009456865;0.009459416;0.00038931618;0.026983825;2.5355906e-05;0.017528158;0.017538924;0.00088578265;0.061421677;4.510404e-05;0.005879349;0.0058804727;0.00027566185;0.019111652;1.761878e-05;0.012626313;0.012632476;0.0007040971;0.04881467;3.4255667e-05;0.007229803;0.0072327238;0.0005827315;0.040397055;2.2312559e-05;0.0119149545;0.011919698;0.0005741358;0.039809015;3.4799665e-05;0.00959341;0.009597735;0.0006501199;0.045073967;2.5772462e-05;0.01658332;0.016587395;0.00035458466;0.024575705;4.1169023e-05;0.016329562;0.016335575;0.0005311566;0.036820453;4.159468e-05
245;DRD2;11;rs4581480;C>T;snv;113453752;Not Reported in ClinVar;Not Reported in ClinVar;only in article;dbSNP: intron variant;C;T;0.04366975;0.043664787;-0.00016390877;-0.011362756;0.00011296011;0.0452026;0.045197565;-0.00016072673;-0.011142262;0.00010858642;0.032055896;0.032052804;-0.00013914067;-0.009645623;8.427156e-05;0.067028515;0.06702726;-2.6915535e-05;-0.0018674105;0.00014326046;0.060441036;0.060438752;-5.451953e-05;-0.0037782327;0.00015906194;0.04289992;0.042890616;-0.00031295637;-0.021691823;0.000109587774;0.039524145;0.039518554;-0.00020415784;-0.014147455;9.350309e-05;0.046624824;0.046632417;0.00023490917;0.016283475;0.00010962936;0.043166697;0.043167558;2.8720817e-05;0.0019935323;0.000110506015
247;ATP2C2;16;rs8059665;G>T;snv;84429583;Not Reported in ClinVar;Not Reported in ClinVar;only in article;dbSNP: intron variant;G;T;0.02783898;0.027845806;0.000353553;0.024515022;6.824644e-05;0.033152472;0.033160657;0.0003561321;0.024687339;7.9926205e-05;0.010425913;0.01042404;-0.00025920113;-0.017963795;2.7443532e-05;0.012805236;0.01280318;-0.00023159322;-0.016051473;3.194871e-05;0.012175265;0.012174142;-0.00013312072;-0.0092250565;3.1562893e-05;0.026378538;0.02637951;5.314166e-05;0.003685954;6.735373e-05;0.015483544;0.015481964;-0.00014731065;-0.010207317;3.6673526e-05;0.059547346;0.05956991;0.00054662925;0.037892677;0.00014058144;0.0540943;0.054120153;0.00068931375;0.04779342;0.00012970094
248;CMIP;16;rs2927321;A>G;snv;81481164;Not Reported in ClinVar;Not Reported in ClinVar;only in article;dbSNP: intron variant;A;G;0.009456865;0.009458068;0.00018349382;0.01272376;2.6352216e-05;0.017528158;0.017534694;0.00053786143;0.0372887;4.4211938e-05;0.005879349;0.0058812983;0.00047820449;0.03315432;1.7660297e-05;0.012626313;0.012633317;0.0008001853;0.055475235;3.3341315e-05;0.007229803;0.0072327103;0.0005799809;0.04021027;2.1870272e-05;0.0119149545;0.011915164;2.5453208e-05;0.001758694;3.4164266e-05;0.00959341;0.009596822;0.00051293307;0.035560187;2.4973886e-05;0.01658332;0.01658724;0.0003410013;0.023643443;4.2028125e-05;0.016329562;0.01633396;0.0003884565;0.026930945;4.2160485e-05
249;ATP2C2;16;rs11149652*;A>G;snv;84414399;Not Reported in ClinVar;Not Reported in ClinVar;only in article;dbSNP: intron variant;A;G;0.02783898;0.0278458;0.00035338107;0.024494948;6.671689e-05;0.033152472;0.03315989;0.00032277533;0.022372548;7.9110985e-05;0.010425913;0.010426361;6.1912426e-05;0.004296661;2.7681212e-05;0.012805236;0.012806035;8.994412e-05;0.0062402193;3.227027e-05;0.012175265;0.012176671;0.00016664156;0.011550444;3.2081258e-05;0.026378538;0.026381295;0.0001508209;0.010450598;6.660684e-05;0.015483544;0.015483512;-3.0096994e-06;-0.00021052215;3.7354206e-05;0.059547346;0.05956206;0.000356476;0.024711257;0.00013828129;0.0540943;0.054113418;0.00050983846;0.03534234;0.00012587028
253;RFTN2;2;rs72916919;T>G;snv;197627592;Not Reported in ClinVar;Not Reported in ClinVar;only in article;dbSNP: intron variant;T;G;0.038725343;0.038732026;0.00024900938;0.017257875;9.0460846e-05;0.04401662;0.044026867;0.000335843;0.023282737;0.00010122841;0.02540067;0.025408007;0.00041665378;0.028884903;6.4310676e-05;0.042558547;0.04258703;0.0009651877;0.06692797;0.000109907334;0.044119593;0.04414601;0.0008636103;0.059873704;0.00011984636;0.04324616;0.043255005;0.0002949201;0.020449998;0.00010349373;0.03305334;0.0330602;0.00029956267;0.020760337;7.9763886e-05;0.06524312;0.065254144;0.00024385078;0.016901184;0.00012916382;0.059392825;0.0593994;0.00015976303;0.011070592;0.00012552453
255;PPP2R3A;3;rs13082684;G>A;snv;136064324;Not Reported in ClinVar;Not Reported in ClinVar;only in article;dbSNP: intron variant;G;A;0.010480359;0.010477036;-0.00045746038;-0.031706538;2.572692e-05;0.012957112;0.01295337;-0.00041668813;-0.02888031;3.163428e-05;0.009021647;0.009019458;-0.00035019917;-0.02426984;2.3287503e-05;0.013389813;0.013385038;-0.00051457784;-0.035660625;3.3839475e-05;0.012734399;0.012731328;-0.00034804887;-0.024119724;3.3185126e-05;0.012660764;0.012655598;-0.00058881677;-0.04080359;3.5070894e-05;0.011876468;0.011873964;-0.00030409737;-0.021078616;2.8020542e-05;0.01324165;0.013235629;-0.000656177;-0.045470167;2.956621e-05;0.01228673;0.012281986;-0.00055715936;-0.03861204;2.8253977e-05
257;POU6F2;7;rs62453457;A>G;snv;39267241;Not Reported in ClinVar;Not Reported in ClinVar;only in article;dbSNP: intron variant;A;G;0.010064709;0.010061837;-0.0004117852;-0.028537327;2.423531e-05;0.012864335;0.012859563;-0.0005353093;-0.037095554;2.8626624e-05;0.0068616257;0.006860398;-0.00025808305;-0.017889101;1.7900029e-05;0.012615792;0.012612697;-0.00035406972;-0.02453842;3.1772757e-05;0.011517769;0.011516537;-0.00015436269;-0.01069773;3.0332963e-05;0.012464906;0.01246091;-0.0004626215;-0.03206045;3.2948603e-05;0.010635966;0.010633311;-0.0003601766;-0.024964359;2.5544054e-05;0.016078671;0.016070982;-0.0006900734;-0.04782111;3.374825e-05;0.014261226;0.014252605;-0.0008723877;-0.060452398;3.1840387e-05
259;CALN1;7;rs77059784;G>A;snv;72253545;Not Reported in ClinVar;Not Reported in ClinVar;only in article;dbSNP: intron variant;G;A;0.010263414;0.010263546;1.8574006e-05;0.0012885361;2.8518574e-05;0.024017684;0.024015559;-0.00012770276;-0.008848805;6.494471e-05;0.00508772;0.00508797;7.085511e-05;0.004905821;1.7658416e-05;0.014360801;0.0143646775;0.00038931618;0.026991282;4.361813e-05;0.0066183326;0.006619909;0.0003435804;0.023816625;2.3804689e-05;0.011504277;0.0115078;0.00044175578;0.030625073;3.6625097e-05;0.009566054;0.009565978;-1.13508995e-05;-0.0007885919;2.7107963e-05;0.014438287;0.014433929;-0.00043561182;-0.030187719;3.6058525e-05;0.015267019;0.015263512;-0.00033144862;-0.02297345;4.116019e-05
260;PPP2R3A;9;rs9696811;T>C;snv;12916125;Not Reported in ClinVar;Not Reported in ClinVar;only in article;dbSNP: intron variant;T;C;;;;;;;;;;;;;;;;;;;;;;;;;;;;;;;;;;;;;;;;;;;;;
269;BABAM2;2;rs1969131;C>T;snv;28118508;Not Reported in ClinVar;Not Reported in ClinVar;only in article;dbSNP: intron variant;C;T;0.01368497;0.013683476;-0.00015763071;-0.010922733;3.4025656e-05;0.020708948;0.020707969;-6.827873e-05;-0.004731053;4.9650083e-05;0.0053650355;0.005364532;-0.00013535669;-0.009382601;1.660372e-05;0.009601372;0.009601344;-4.213581e-06;-0.00029099672;2.6664009e-05;0.0075824694;0.0075816712;-0.00015186868;-0.010526168;2.3265753e-05;0.016146652;0.016146805;1.3586565e-05;0.00094593543;4.506763e-05;0.008317684;0.0083169695;-0.00012391881;-0.008588021;2.2454235e-05;0.03168557;0.03168194;-0.0001651988;-0.011451374;6.966911e-05;0.028420087;0.028415946;-0.0002101781;-0.014569486;6.3945175e-05
270;TTC14;3;rs7625418;A>C;snv;180407962;Not Reported in ClinVar;Not Reported in ClinVar;only in article;dbSNP: intron variant;A;C;0.01166891;0.011670963;0.00025382405;0.01759063;2.797695e-05;0.012020118;0.012022104;0.00023834826;0.016526552;3.0092075e-05;0.007477453;0.007478351;0.00017317613;0.012006695;1.8053997e-05;0.009548602;0.009548956;5.348561e-05;0.0037063288;2.3884173e-05;0.011593856;0.011594445;7.343472e-05;0.0050848243;2.9509602e-05;0.0141707985;0.014173344;0.00025915456;0.017961618;3.430181e-05;0.009676378;0.009676603;3.3536227e-05;0.0023195532;2.30931e-05;0.020415429;0.020422535;0.00050210196;0.034806963;4.8853744e-05;0.017437749;0.01744479;0.00058238767;0.040376764;4.1113442e-05
273;CCDC171;9;rs3122702;T>G;snv;15609963;Not Reported in ClinVar;Not Reported in ClinVar;only in article;dbSNP: intron variant;T;G;0.013551603;0.013549949;-0.00017612099;-0.012205412;3.7234357e-05;0.014950655;0.014948767;-0.00018222713;-0.01263304;4.099174e-05;0.008855163;0.008853173;-0.00032430975;-0.022475434;2.4604302e-05;0.013357284;0.013351996;-0.0005711814;-0.039582286;3.7075864e-05;0.014182539;0.0141789345;-0.00036671362;-0.02541307;4.0467992e-05;0.016329635;0.016329205;-3.8008668e-05;-0.002634909;4.221109e-05;0.011628257;0.011625198;-0.00037961564;-0.026310002;3.084132e-05;0.021596042;0.021592997;-0.00020346983;-0.014101772;5.294387e-05;0.019954752;0.01995235;-0.00017371294;-0.012041303;4.976838e-05
277;DNMT3B;20;rs4911257;T>A;snv;32771768;Not Reported in ClinVar;Not Reported in ClinVar;only in article;dbSNP: intron variant;T;A;0.021813387;0.021815924;0.0001678453;0.011630119;4.8730526e-05;0.027148994;0.027149698;3.749173e-05;0.002593392;5.9250888e-05;0.010878388;0.01088044;0.0002720509;0.018860364;2.7614848e-05;0.01342683;0.013428617;0.00019209183;0.013310721;3.255471e-05;0.012436342;0.012438315;0.00022889074;0.015861105;3.223275e-05;0.02319916;0.023203805;0.0002889019;0.02002416;5.4603577e-05;0.015230719;0.015234783;0.00038484583;0.02668483;3.459201e-05;0.04155733;0.041561577;0.00014738161;0.01021921;8.978987e-05;0.0385411;0.03853942;-6.286103e-05;-0.0043592574;8.427099e-05
