;gene;chr;snp (pathogenic by dpSNP);associated allele;type;locus/loci (dy dbSNP);is pathogenic;clinical significance (ClinVar);dld mentioned;localisation;uniprot annotation;what do we know from studies;ref;alt;ref_score_0001870;alt_score_0001870;log_fold_change_0001870;rel_diff_0001870;mean_diff_0001870;ref_score_0009834;alt_score_0009834;log_fold_change_0009834;rel_diff_0009834;mean_diff_0009834;ref_score_0001871;alt_score_0001871;log_fold_change_0001871;rel_diff_0001871;mean_diff_0001871;ref_score_0001872;alt_score_0001872;log_fold_change_0001872;rel_diff_0001872;mean_diff_0001872;ref_score_0002021;alt_score_0002021;log_fold_change_0002021;rel_diff_0002021;mean_diff_0002021;ref_score_0002037;alt_score_0002037;log_fold_change_0002037;rel_diff_0002037;mean_diff_0002037;ref_score_0001894;alt_score_0001894;log_fold_change_0001894;rel_diff_0001894;mean_diff_0001894;ref_score_0001898;alt_score_0001898;log_fold_change_0001898;rel_diff_0001898;mean_diff_0001898;ref_score_0001876;alt_score_0001876;log_fold_change_0001876;rel_diff_0001876;mean_diff_0001876
1;FOXP2;7;rs121908377;G>A;snv;114662075;pathogenic;Childhood apraxia of speech;associated disorder;dbSNP: Missense Variant;;;G;A;0.0071631386;0.007142154;-0.0042325906;-0.29295203;3.3209086e-05;0.0043354514;0.004326604;-0.0029471791;-0.20407483;1.7006354e-05;0.00791255;0.007892065;-0.0037399626;-0.2588972;3.5397414e-05;0.018212888;0.01817721;-0.0028289626;-0.19589956;6.60633e-05;0.021216279;0.021161292;-0.0037439284;-0.25917432;8.951756e-05;0.015880523;0.015855763;-0.0022511163;-0.15591516;5.209474e-05;0.011094732;0.011071669;-0.0030021549;-0.20787588;4.09768e-05;0.0014543448;0.0014464947;-0.0078082946;-0.53977007;9.208457e-06;0.0012353783;0.001228059;-0.008573132;-0.5924809;8.55536e-06
2;FOXP2;7;rs121908378;C>T;snv;114642616;pathogenic;Childhood apraxia of speech & uncpecified gene-related disorder;associated disorder;dbSNP: stop gained;;;C;T;0.0071631386;0.0071515054;-0.0023449103;-0.16240297;2.8853065e-05;0.0043354514;0.0043296893;-0.0019187098;-0.1329064;1.5586846e-05;0.00791255;0.007899908;-0.0023068408;-0.15976863;3.1639556e-05;0.018212888;0.01818716;-0.0020395212;-0.14126654;6.1776744e-05;0.021216279;0.021182405;-0.0023052904;-0.15966073;8.055057e-05;0.015880523;0.015866064;-0.0013142019;-0.091053136;5.0714683e-05;0.011094732;0.011079962;-0.0019218958;-0.13312484;3.7840222e-05;0.0014543448;0.0014502633;-0.0040545077;-0.2806433;6.704503e-06;0.0012353783;0.0012311543;-0.0049413447;-0.34192064;6.3619573e-06
3;FOXP2;7;rs199581885;G>C;snv;114664446;conflicting;unspecified disorder;unspecified disorder;dbSNP: intron variant;;;G;C;0.0071631386;0.0071641444;0.00020258133;0.0140417265;2.6616419e-05;0.0043354514;0.0043353443;-3.5600846e-05;-0.0024703792;1.4224286e-05;0.00791255;0.007914624;0.00037814028;0.026212225;2.8971124e-05;0.018212888;0.018216878;0.0003160695;0.021906387;5.75357e-05;0.021216279;0.021221464;0.00035252137;0.02444163;7.427213e-05;0.015880523;0.015886044;0.00050141424;0.034765102;4.8550835e-05;0.011094732;0.011096411;0.00021840143;0.015134882;3.44125e-05;0.0014543448;0.0014522107;-0.0021185752;-0.14674139;5.268081e-06;0.0012353783;0.0012338225;-0.0018179696;-0.12593506;4.794793e-06
4;FOXP2;7;rs201343293;A>T;snv;114658233;conflicting;unspecified disorder;unspecified disorder;dbSNP: Synonymous variant;;;A;T;0.0071631386;0.0071656047;0.0004966004;0.034428235;2.4019884e-05;0.0043354514;0.004338017;0.00085364125;0.059181698;1.326617e-05;0.00791255;0.007915545;0.0005459416;0.037852947;2.6561711e-05;0.018212888;0.018222148;0.0007333196;0.050838776;5.2234715e-05;0.021216279;0.021225877;0.00065252656;0.04523984;6.7740846e-05;0.015880523;0.015883949;0.00031108307;0.021569846;4.2599007e-05;0.011094732;0.011097816;0.00040083585;0.02779345;3.109596e-05;0.0014543448;0.0014531147;-0.0012208193;-0.08458521;4.803523e-06;0.0012353783;0.0012344244;-0.001114448;-0.07721579;4.2820993e-06
5;FOXP2;7;rs201649896;A>T;snv;114426561;conflicting;Childhood apraxia of speech & uncpecified gene-related disorder;associated disorder;dbSNP: Missense Variant;;;A;T;0.0071631386;0.007172412;0.0018665236;0.12945692;3.7626636e-05;0.0043354514;0.0043395706;0.001370051;0.09501293;2.0032272e-05;0.00791255;0.007923634;0.002019554;0.14007708;4.1395895e-05;0.018212888;0.018242408;0.0023363833;0.16207862;8.9190726e-05;0.021216279;0.021248838;0.0022122357;0.15346251;0.00011225572;0.015880523;0.015907746;0.0024709932;0.17142105;7.029999e-05;0.011094732;0.011112113;0.0022582556;0.156654;5.2525986e-05;0.0014543448;0.0014540653;-0.00027726268;-0.019219182;5.4741695e-06;0.0012353783;0.001234905;-0.00055285817;-0.03831577;4.983126e-06
7;FOXP2;7;rs959136398;C>T;snv;114629946;pathogenic;unspecified disorder;unspecified disorder;dbSNP: stop gained;;;C;T;0.0071631386;0.0071768477;0.0027583707;0.19138354;2.8804752e-05;0.0043354514;0.004342786;0.0024387154;0.16917802;1.5108334e-05;0.00791255;0.007927159;0.0026612112;0.18462728;3.1197807e-05;0.018212888;0.018238854;0.0020552757;0.14256538;5.8785026e-05;0.021216279;0.02125022;0.0023061628;0.15997678;7.7375335e-05;0.015880523;0.015895624;0.0013712537;0.09508795;4.68704e-05;0.011094732;0.01111257;0.0023176672;0.16077559;3.7856236e-05;0.0014543448;0.0014580992;0.0037194854;0.25815022;5.9802237e-06;0.0012353783;0.0012388413;0.004038514;0.2803195;5.388366e-06
9;FOXP2;7;rs1135401820;T>C;snv;114662188;likely-pathogenic;Childhood apraxia of speech;associated disorder;dbSNP: Splice Donor Variant;;;T;C;0.0071631386;0.0070729465;-0.01828048;-1.2591138;0.0001310155;0.0043354514;0.0042947005;-0.013624707;-0.93994707;5.8347578e-05;0.00791255;0.007814705;-0.017951239;-1.2365767;0.0001440549;0.018212888;0.01806761;-0.011554104;-0.7976707;0.00023923346;0.021216279;0.021019306;-0.013456572;-0.9284044;0.00030838468;0.015880523;0.015795587;-0.007736969;-0.53484774;0.00016692841;0.011094732;0.010990566;-0.013609169;-0.9388831;0.00016748802;0.0014543448;0.0014312662;-0.02307732;-1.5868753;3.0374795e-05;0.0012353783;0.0012127751;-0.026640883;-1.829658;2.8507666e-05
12;FOXP2;7;rs1265049777;C>T;snv;114629964;pathogenic;unspecified disorder;unspecified disorder;dbSNP: stop gained;;;C;T;0.0071631386;0.007177049;0.0027988807;0.19419189;2.987161e-05;0.0043354514;0.0043443055;0.0029434022;0.20422518;1.5658641e-05;0.00791255;0.007926908;0.0026155475;0.1814611;3.2146218e-05;0.018212888;0.018235879;0.0018199758;0.12623274;5.922363e-05;0.021216279;0.02124732;0.0021092005;0.14630738;7.8594676e-05;0.015880523;0.015893517;0.0011800062;0.08182232;4.665807e-05;0.011094732;0.011113041;0.0023787937;0.16502309;3.886186e-05;0.0014543448;0.0014579279;0.0035499942;0.24636735;6.0163893e-06;0.0012353783;0.00123883;0.0040253084;0.27940544;5.4918546e-06
13;FOXP2;7;rs1347299046;C>T;snv;114629994;pathogenic;Childhood apraxia of speech;associated disorder;dbSNP: stop gained;;;C;T;0.0071631386;0.007152913;-0.0020609635;-0.14275107;3.3474083e-05;0.0043354514;0.0043276916;-0.0025845473;-0.17898436;1.8511544e-05;0.00791255;0.007901696;-0.001980449;-0.13718162;3.6203906e-05;0.018212888;0.018197449;-0.0012234873;-0.0847722;6.852017e-05;0.021216279;0.02119271;-0.0016035112;-0.111084744;8.8255685e-05;0.015880523;0.015879452;-9.7259464e-05;-0.0067442423;5.573338e-05;0.011094732;0.01108389;-0.0014106032;-0.09772618;4.4152956e-05;0.0014543448;0.0014505782;-0.0037412557;-0.25899068;7.461163e-06;0.0012353783;0.0012312508;-0.004828228;-0.3341086;7.257874e-06
14;FOXP2;7;rs1349250538;G>A;snv;114644745;likely-pathogenic;Childhood apraxia of speech;associated disorder;dbSNP: stop gained;;;G;A;0.0071631386;0.007179607;0.0033130504;0.22990727;3.1052954e-05;0.0043354514;0.0043458664;0.003461638;0.24022828;1.7234903e-05;0.00791255;0.00793006;0.0031889868;0.22129144;3.393419e-05;0.018212888;0.018243361;0.0024117595;0.16731489;6.3784115e-05;0.021216279;0.021255452;0.002661383;0.18463789;8.289812e-05;0.015880523;0.015901377;0.0018933179;0.1313192;5.071624e-05;0.011094732;0.011114824;0.0026102257;0.18108974;4.056838e-05;0.0014543448;0.0014594591;0.0050644167;0.3516526;7.0243937e-06;0.0012353783;0.0012410373;0.006593515;0.45807418;7.0545093e-06
15;FOXP2;7;rs1474090446;C>T;snv;114658231;pathogenic;Childhood apraxia of speech & uncpecified gene-related disorder;associated disorder;dbSNP: stop gained;;;C;T;0.0071631386;0.007142628;-0.0041368627;-0.28633422;3.841794e-05;0.0043354514;0.0043255687;-0.0032924062;-0.22795156;2.0585241e-05;0.00791255;0.007890671;-0.003994835;-0.27651718;4.166262e-05;0.018212888;0.018171033;-0.003319297;-0.22981253;8.153523e-05;0.021216279;0.021156488;-0.0040714955;-0.28181618;0.00010452041;0.015880523;0.01585503;-0.0023179515;-0.16053642;6.573218e-05;0.011094732;0.011067494;-0.0035462514;-0.24550743;5.1467287e-05;0.0014543448;0.0014490203;-0.0052915374;-0.366109;8.368236e-06;0.0012353783;0.0012294351;-0.0069573666;-0.48108622;8.338965e-06
16;FOXP2;7;rs1554412300;T>G;snv;114534645;pathogenic;unspecified disorder;unspecified disorder;dbSNP: stop gained;;;T;G;0.0071631386;0.007137477;-0.0051777028;-0.35824606;7.159738e-05;0.0043354514;0.0043225517;-0.004299;-0.29754108;3.604076e-05;0.00791255;0.007878365;-0.0062464983;-0.43203676;8.046889e-05;0.018212888;0.018122105;-0.0072091785;-0.49845725;0.00017582477;0.021216279;0.021122854;-0.0063668955;-0.4403444;0.00021604686;0.015880523;0.015801437;-0.007202697;-0.49800658;0.0001384565;0.011094732;0.011044743;-0.0065150307;-0.4505712;0.00010284595;0.0014543448;0.0014568227;0.0024558846;0.17037913;7.710758e-06;0.0012353783;0.0012385091;0.003651554;0.25342497;7.568159e-06
17;FOXP2;7;rs1554440661;G>A;snv;114658065;pathogenic;unspecified disorder;unspecified disorder;dbSNP: Splice Acceptor Variant;;;G;A;0.0071631386;0.0071641407;0.0002018935;0.0139897205;4.4098037e-05;0.0043354514;0.0043358817;0.00014325444;0.009924481;2.2242224e-05;0.00791255;0.007913562;0.00018435362;0.012782431;4.664099e-05;0.018212888;0.018213194;2.424935e-05;0.0016772398;8.858474e-05;0.021216279;0.021207413;-0.00060301117;-0.04178957;0.00011179642;0.015880523;0.01588788;0.0006681698;0.046330012;7.6451004e-05;0.011094732;0.011095799;0.00013861136;0.009611447;5.906759e-05;0.0014543448;0.0014545545;0.00020791205;0.014416387;9.609406e-06;0.0012353783;0.0012341256;-0.0014637127;-0.1014058;8.065413e-06
20;FOXP2;7;rs1563045683;C>T;snv;114629910;pathogenic;unspecified disorder;unspecified disorder;dbSNP: stop gained;;;C;T;0.0071631386;0.007171804;0.0017442252;0.12097338;2.6251104e-05;0.0043354514;0.0043411697;0.0019015623;0.13189678;1.4186436e-05;0.00791255;0.007921784;0.0016827284;0.116701484;2.8693787e-05;0.018212888;0.01822826;0.0012171236;0.08440402;5.4978693e-05;0.021216279;0.021236435;0.0013698791;0.09500103;7.2491624e-05;0.015880523;0.01589198;0.0010404637;0.0721458;4.5265577e-05;0.011094732;0.011106243;0.001495989;0.10375327;3.4428795e-05;0.0014543448;0.0014572262;0.0028555237;0.19812328;5.4620677e-06;0.0012353783;0.0012375674;0.0025542595;0.17719865;4.6157675e-06
21;FOXP2;7;rs1563047452;C>T;snv;114631645;likely-pathogenic;unspecified disorder;unspecified disorder;dbSNP: stop gained;;;C;T;0.0071631386;0.0071543152;-0.0017781921;-0.123177156;2.8854607e-05;0.0043354514;0.0043342714;-0.00039268984;-0.027217137;1.505045e-05;0.00791255;0.007904336;-0.0014984888;-0.10381312;3.162974e-05;0.018212888;0.018200245;-0.0010018888;-0.06942136;6.053085e-05;0.021216279;0.02119507;-0.0014428818;-0.09996134;7.8432524e-05;0.015880523;0.0158744;-0.0005562991;-0.038553607;5.089803e-05;0.011094732;0.011084946;-0.0012731472;-0.088207066;3.8392034e-05;0.0014543448;0.0014499063;-0.0044097463;-0.30519357;7.1090585e-06;0.0012353783;0.0012317017;-0.0043000346;-0.29761156;6.195039e-06
22;FOXP2;7;rs1584969672;C>T;snv;114629961;pathogenic;Childhood apraxia of speech;associated disorder;dbSNP: stop gained;;;C;T;0.0071631386;0.0071795397;0.0032994947;0.22896466;3.2104323e-05;0.0043354514;0.0043425574;0.0023626538;0.1639043;1.5318055e-05;0.00791255;0.0079295635;0.003098721;0.21501791;3.46252e-05;0.018212888;0.018238;0.0019877814;0.13788137;6.138667e-05;0.021216279;0.02125099;0.0023583611;0.16360265;8.2740444e-05;0.015880523;0.015895735;0.001381391;0.0957917;4.868332e-05;0.011094732;0.011115124;0.0026491946;0.1838011;4.200566e-05;0.0014543448;0.0014578921;0.0035146524;0.24390991;6.05689e-06;0.0012353783;0.0012387186;0.003895646;0.2703872;5.4182974e-06
23;FOXP2;7;rs1804799075;C>T;snv;114629913;likely-pathogenic;unspecified disorder;unspecified disorder;dbSNP: stop gained;;;C;T;0.0071631386;0.0071735815;0.0021016442;0.14578693;2.6499212e-05;0.0043354514;0.0043414966;0.0020102798;0.1394368;1.4085577e-05;0.00791255;0.007923876;0.002063519;0.14313734;2.888898e-05;0.018212888;0.018236177;0.0018435075;0.12786907;5.615535e-05;0.021216279;0.021245336;0.0019745568;0.13695739;7.37013e-05;0.015880523;0.015900254;0.0017914624;0.12424654;4.6868914e-05;0.011094732;0.011110328;0.0020265954;0.14057057;3.5021312e-05;0.0014543448;0.0014559447;0.0015861836;0.11000801;4.8703982e-06;0.0012353783;0.0012363641;0.0011507927;0.07979782;4.278337e-06
24;FOXP2;7;rs1804922106;C>T;snv;114631534;pathogenic;unspecified disorder;unspecified disorder;dbSNP: stop gained;;;C;T;0.0071631386;0.0071651046;0.00039584975;0.027446376;2.9960021e-05;0.0043354514;0.0043352866;-5.4863507e-05;-0.0038022362;1.5546784e-05;0.00791255;0.007914403;0.00033790633;0.023422688;3.235787e-05;0.018212888;0.018213827;7.429459e-05;0.005154444;6.609618e-05;0.021216279;0.02121561;-4.5490127e-05;-0.003151776;8.475178e-05;0.015880523;0.0158861;0.00050657196;0.035116974;5.4221357e-05;0.011094732;0.011097622;0.00037573316;0.026047442;3.9668623e-05;0.0014543448;0.0014549963;0.00064616604;0.044794064;5.150619e-06;0.0012353783;0.001235523;0.00016904903;0.011713355;4.63414e-06
27;FOXP2;7;rs2129327420;C>T;snv;114629868;pathogenic;unspecified disorder;unspecified disorder;dbSNP: stop gained;;;C;T;0.0071631386;0.0071691163;0.0012033766;0.083450764;2.641486e-05;0.0043354514;0.0043353126;-4.617808e-05;-0.0032007524;1.3790767e-05;0.00791255;0.007918817;0.0011422004;0.07920164;2.8685632e-05;0.018212888;0.018223403;0.00083267165;0.05773182;5.5173598e-05;0.021216279;0.021232035;0.0010710543;0.07426427;7.268289e-05;0.015880523;0.015887816;0.0006623251;0.045919493;4.540257e-05;0.011094732;0.011102979;0.0010719135;0.07433132;3.4089808e-05;0.0014543448;0.0014535656;-0.0007732692;-0.05358318;5.116269e-06;0.0012353783;0.0012341178;-0.0014728371;-0.10203717;4.8124734e-06
28;FOXP2;7;rs2129327570;C>T;snv;114629967;pathogenic;Childhood apraxia of speech;associated disorder;dbSNP: stop gained;;;C;T;0.0071631386;0.007174782;0.0023430798;0.162546;2.9420122e-05;0.0043354514;0.004342729;0.0024198291;0.16786765;1.5156559e-05;0.00791255;0.007924111;0.002106281;0.14610343;3.175135e-05;0.018212888;0.018230446;0.0013901537;0.09640038;5.840443e-05;0.021216279;0.021240663;0.0016571326;0.114930086;7.7660916e-05;0.015880523;0.01589201;0.0010432134;0.07233347;4.6730263e-05;0.011094732;0.011111661;0.0021997;0.15258278;3.882821e-05;0.0014543448;0.0014583591;0.0039766007;0.2760166;6.3359084e-06;0.0012353783;0.0012391425;0.004389193;0.304698;5.5664273e-06
31;FOXP2;7;rs2129338694;G>C;snv;114654010;pathogenic;unspecified disorder;unspecified disorder;dbSNP: Missense Variant;;;G;C;0.0071631386;0.0071014785;-0.0124724535;-0.86079687;0.000118260745;0.0043354514;0.0042891386;-0.015494271;-1.068235;7.768026e-05;0.00791255;0.007850392;-0.011378063;-0.78556633;0.00012146071;0.018212888;0.018090472;-0.00972972;-0.6721436;0.0002454539;0.021216279;0.021015208;-0.013737909;-0.94771886;0.00031270704;0.015880523;0.015840419;-0.0036479747;-0.2525396;0.00019438409;0.011094732;0.011027912;-0.0087152645;-0.6022726;0.00015152046;0.0014543448;0.0014369126;-0.01739707;-1.1986334;5.622764e-05;0.0012353783;0.001215442;-0.023471886;-1.6137855;4.9847305e-05
32;FOXP2;7;rs2129341954;C>T;snv;114662107;pathogenic;Childhood apraxia of speech & uncpecified gene-related disorder;associated disorder;dbSNP: stop gained;;;C;T;0.0071631386;0.0071171857;-0.009284975;-0.6415184;7.033708e-05;0.0043354514;0.004316448;-0.0063377023;-0.43833122;3.1902517e-05;0.00791255;0.0078652175;-0.008656091;-0.5981966;7.5159856e-05;0.018212888;0.018138507;-0.005904018;-0.40839767;0.0001275908;0.021216279;0.021122871;-0.006365686;-0.4402654;0.00016354636;0.015880523;0.01582673;-0.004895269;-0.3387369;0.00010122225;0.011094732;0.011037877;-0.0074121123;-0.5124538;9.216466e-05;0.0014543448;0.0014376646;-0.016642243;-1.1469233;1.991868e-05;0.0012353783;0.0012200726;-0.017985892;-1.2389487;1.8242323e-05
34;FOXP2;7;rs2485304607;C>T;snv;114628648;pathogenic;unspecified disorder;unspecified disorder;dbSNP: stop gained;;;C;T;0.0071631386;0.0071602003;-0.0005919137;-0.041020043;3.3586413e-05;0.0043354514;0.0043310565;-0.0014631962;-0.10137148;1.8746678e-05;0.00791255;0.007910141;-0.0004393966;-0.030449495;3.722192e-05;0.018212888;0.018210882;-0.00015892072;-0.0110145565;7.5587144e-05;0.021216279;0.021214021;-0.00015350268;-0.010640536;9.610279e-05;0.015880523;0.015888203;0.0006975649;0.04835915;5.9974795e-05;0.011094732;0.011092889;-0.00023967773;-0.016612275;4.6813777e-05;0.0014543448;0.0014502497;-0.0040680463;-0.28157985;6.6674907e-06;0.0012353783;0.0012313736;-0.0046843207;-0.32416683;6.0916573e-06
35;FOXP2;7;rs2485304675;C>T;snv;114628654;pathogenic;unspecified disorder;unspecified disorder;dbSNP: stop gained;;;C;T;0.0071631386;0.007169146;0.0012093909;0.08386681;3.1873653e-05;0.0043354514;0.004334071;-0.00045935277;-0.03183567;1.7166692e-05;0.00791255;0.007920842;0.001510936;0.10479004;3.5433724e-05;0.018212888;0.018237483;0.0019469052;0.13503826;7.315317e-05;0.021216279;0.021243513;0.0018507215;0.12836245;9.188365e-05;0.015880523;0.015900899;0.0018498627;0.12830481;5.7551028e-05;0.011094732;0.011103154;0.00109477;0.07590945;4.4084092e-05;0.0014543448;0.0014519197;-0.0024077874;-0.16675302;5.3322424e-06;0.0012353783;0.0012330472;-0.002724885;-0.18869527;5.104049e-06
36;FOXP2;7;rs2485386367;C>T;snv;114642592;likely-pathogenic;uncpecified gene-related disorder;unspecified disorder;dbSNP: stop gained;;;C;T;0.0071631386;0.007158587;-0.00091695884;-0.06353881;2.8949848e-05;0.0043354514;0.0043322234;-0.0010745177;-0.07445508;1.5682077e-05;0.00791255;0.007906964;-0.0010188409;-0.070597626;3.156659e-05;0.018212888;0.018199464;-0.0010637608;-0.07370651;6.35169e-05;0.021216279;0.021198792;-0.0011895783;-0.08242026;8.2453094e-05;0.015880523;0.01587633;-0.00038099187;-0.02640224;5.2958196e-05;0.011094732;0.011090562;-0.0005423632;-0.037589572;3.847401e-05;0.0014543448;0.0014525837;-0.0017480584;-0.12109446;5.9574722e-06;0.0012353783;0.0012329505;-0.0028380957;-0.19652615;5.7888255e-06
38;FOXP2;7;rs2485442559;C>T;snv;114652252;pathogenic;unspecified disorder;unspecified disorder;dbSNP: stop gained;;;C;T;0.0071631386;0.0071471944;-0.0032148391;-0.22258738;3.674767e-05;0.0043354514;0.0043284614;-0.0023279425;-0.16122985;1.787303e-05;0.00791255;0.007895278;-0.0031527025;-0.21829005;4.0523428e-05;0.018212888;0.018181225;-0.0025102918;-0.17385;7.773101e-05;0.021216279;0.021175021;-0.0028081983;-0.19446194;0.00010213047;0.015880523;0.015867714;-0.0011641902;-0.08066114;5.9713144e-05;0.011094732;0.011078249;-0.0021450135;-0.14857031;4.796778e-05;0.0014543448;0.0014486487;-0.0056615844;-0.3916599;7.826976e-06;0.0012353783;0.0012298527;-0.0064674355;-0.44728428;7.35226e-06
39;FOXP2;7;rs2485474457;G>A;snv;114658217;likely-pathogenic;Childhood apraxia of speech;associated disorder;dbSNP: Missense Variant;;;G;A;0.0071631386;0.007166226;0.00062175526;0.0431003;2.9370001e-05;0.0043354514;0.00434301;0.0025130562;0.17434435;1.6508968e-05;0.00791255;0.0079167215;0.0007603069;0.052718703;3.130524e-05;0.018212888;0.018226432;0.0010724291;0.07436104;6.247239e-05;0.021216279;0.02123087;0.0009918269;0.0687772;8.039624e-05;0.015880523;0.015885673;0.0004678889;0.03243101;5.130291e-05;0.011094732;0.01109897;0.0005509272;0.03819396;3.7244772e-05;0.0014543448;0.0014573459;0.0029739523;0.20635207;6.1328665e-06;0.0012353783;0.00123873;0.003908853;0.27131072;5.8386713e-06
42;FOXP2;7;rs2485493224;G>A;snv;114662136;likely-pathogenic;Childhood apraxia of speech;associated disorder;dbSNP: stop gained;;;G;A;0.0071631386;0.007155198;-0.0016001537;-0.11085164;2.7995158e-05;0.0043354514;0.0043348153;-0.00021172618;-0.014671905;1.4483288e-05;0.00791255;0.007904931;-0.0013898591;-0.09629197;3.0926552e-05;0.018212888;0.018200161;-0.0010085147;-0.06988158;5.8829297e-05;0.021216279;0.021198355;-0.0012193562;-0.0844834;7.652395e-05;0.015880523;0.015872033;-0.0007714624;-0.053461313;4.7800157e-05;0.011094732;0.011085782;-0.0011642763;-0.080669;3.6507605e-05;0.0014543448;0.0014520542;-0.002274026;-0.15749964;5.596221e-06;0.0012353783;0.0012332379;-0.0025017636;-0.17325965;5.189005e-06